{
  "accuracy": 0.766175967134543,
  "precision_macro": 0.7273900051124543,
  "recall_macro": 0.656150530051407,
  "f1_score_macro": 0.6834264590761291
}